"method","path","summary","operationId","tags","microservice"
"get","/access_keys","List Access Keys","get-my-access-keys","Access Keys","Monolith"
"post","/access_keys","Add Access Key","add-access-keys","Access Keys","Monolith"
"get","/access_keys/{id}","Get Access Key by ID","get-access-key-by-id","Access Keys","Monolith"
"delete","/access_keys/{id}","Delete Access Key","delete-access-keys","Access Keys","Monolith"
"patch","/access_keys/{id}/status/{status}","Update Access Key Status","update-access-key-status","Access Keys","Monolith"
"get","/cloud/group","List Account Groups","get-account-groups","Account Groups","Monolith"
"post","/cloud/group","Add Account Group","add-account-group","Account Groups","Monolith"
"get","/cloud/group/name","List Account Group Names","get-account-group-name","Account Groups","Monolith"
"get","/cloud/group/name/{cloud_type}","List Account Group Names by Cloud Type","get-account-group-name-by-cloudType","Account Groups","Monolith"
"get","/cloud/group/{id}","Account Group Info","get-account-group","Account Groups","Monolith"
"put","/cloud/group/{id}","Update Account Group","update-account-group","Account Groups","Monolith"
"delete","/cloud/group/{id}","Delete Account Group","delete-account-group","Account Groups","Monolith"
"get","/adoptionadvisor/checks","Get Adoption Check Score","get-adoption-check-score","Adoption Advisor","Monolith"
"get","/adoptionadvisor/report","Get Adoption Advisor Report Configs","adoption-advisor-get-all-report-configs","Adoption Advisor","Monolith"
"post","/adoptionadvisor/report","Create Adoption Advisor Report Config","create-adoption-advisor-config","Adoption Advisor","Monolith"
"post","/adoptionadvisor/report/generate","Create and Get an Adoption Advisor Report on demand","adoption-advisor-create-report","Adoption Advisor","Monolith"
"put","/adoptionadvisor/report/{reportId}","Update Adoption Advisor Report","adoption-advisor-update-report","Adoption Advisor","Monolith"
"delete","/adoptionadvisor/report/{reportId}","Delete Adoption Advisor Report","adoption-advisor-delete-report","Adoption Advisor","Monolith"
"get","/adoptionadvisor/report/{reportId}/download","Download Latest Adoption Advisor Report","adoption-advisor-download-latest-report","Adoption Advisor","Monolith"
"get","/adoptionadvisor/report/{reportId}/{createdOn}/download","Download Adoption Advisor Report","adoption-advisor-download-report-by-id-and-creation-time","Adoption Advisor","Monolith"
"get","/v2/alert/rule","List Alert Rules V2","get-alert-rules-v2","Alert Rules","Monolith"
"post","/alert/rule","Add an Alert Rule","add-alert-rule","Alert Rules","Monolith"
"get","/alert/rule/{id}","Get Alert Rule by ID","get-alert-rule","Alert Rules","Monolith"
"put","/alert/rule/{id}","Update Alert Rule","update-alert-rule","Alert Rules","Monolith"
"delete","/alert/rule/{id}","Delete Alert Rule","delete-alert-rule","Alert Rules","Monolith"
"get","/filter/alert/suggest","List Alert Filters","get-alert-filter-and-options","Alerts","Monolith"
"post","/filter/alert/suggest","List Alert Filter Autocomplete Suggestions","get-alert-filter-options","Alerts","Monolith"
"get","/alert","List Alerts - GET","get-alerts","Alerts","Monolith"
"post","/alert","List Alerts - POST","post-alerts","Alerts","Monolith"
"get","/v2/alert","List Alerts V2 - GET","get-alerts-v2","Alerts","Monolith"
"post","/v2/alert","List Alerts V2 - POST","post-alerts-v2","Alerts","Monolith"
"get","/alert/policy","List Alert Counts By Policy - GET","get-alerts-grouped","Alerts","Monolith"
"post","/alert/policy","List Alert Counts By Policy - POST","post-alerts-grouped","Alerts","Monolith"
"get","/alert/{id}","Alert Info","get-alert","Alerts","Monolith"
"post","/alert/dismiss","Dismiss Alerts","dismiss-alerts","Alerts","Monolith"
"get","/alert/dismiss/require_dismissal_note","Is Dismissal Note Required","is-dismissal-note-required","Alerts","Monolith"
"put","/alert/dismiss/require_dismissal_note","Update Dismissal Note Requirement","set-dismissal-note-required","Alerts","Monolith"
"post","/alert/reopen","Reopen Alerts","reopen-alerts","Alerts","Monolith"
"get","/alert/count/{status}","Get Alerts Count By Status","get-alert-count","Alerts","Monolith"
"post","/alert/jobs","Submit Job to List Alerts","submit-job-for-listing-alerts","Alerts","Monolith"
"get","/alert/jobs/{id}/status","Get Alerts List Job Status","get-alerts-job-status","Alerts","Monolith"
"get","/alert/jobs/{id}/download","Download Alerts List JSON","download-alerts-list-json","Alerts","Monolith"
"post","/alert/csv","Submit Alert CSV Generation Job","submit-an-alert-csv-download-job","Alerts","Monolith"
"get","/alert/csv/{id}/status","Get Alert CSV Job Status","get-alert-csv-job-status","Alerts","Monolith"
"get","/alert/csv/{id}/download","Download Alert CSV","download-alert-csv","Alerts","Monolith"
"post","/alert/policy/jobs","Submit Job to List Alerts By Policy","submit-a-job-for-listing-alerts-grouped-by-policy","Alerts","Monolith"
"get","/alert/policy/jobs/{id}/status","Get Policy Alert Job Status","get-async-policy-alert-job-status","Alerts","Monolith"
"get","/alert/policy/jobs/{id}/download","Download Policy Alerts JSON","download-policy-alerts-json","Alerts","Monolith"
"post","/alert/remediation","List Alert Remediation Commands","get-alerts-remediation","Alerts","Monolith"
"patch","/alert/remediation/{id}","Remediate Alert","perform-remediation-for-alert","Alerts","Monolith"
"post","/alert/v1/policy","Return policy with alert count","alertPolicyList","Alerts","AlertsMicroServices.json"
"post","/alert/v1/aggregate","Group by Policy field","alertAggregation","Alerts","AlertsMicroServices.json"
"get","/alert/v1/{id}/graph","Alert Evidence Graph","getAlertEvidenceGraph","Alerts","AlertsMicroServices.json"
"post","/alerts/api/v1/notification/ondemand","Create On Demand Notification","create-Ondemand-Notification","Alerts","AlertsNotificationMicroService.json"
"get","/anomalies/trusted_list","Get Anomaly Trusted List","getAllWhitelistEntries","Anomalies","AnomaliesMicroService.json"
"post","/anomalies/trusted_list","Add Entries to Anomaly Trusted List","addToTrustedList","Anomalies","AnomaliesMicroService.json"
"get","/anomalies/trusted_list/{id}","Get Anomaly Trusted List Entry","getWhitelistEntryById","Anomalies","AnomaliesMicroService.json"
"post","/anomalies/trusted_list/{id}","Update Anomaly Trusted List Entry","updateWhitelist","Anomalies","AnomaliesMicroService.json"
"delete","/anomalies/trusted_list/{id}","Delete Anomaly Trusted List Entry","deleteFromTrustedList","Anomalies","AnomaliesMicroService.json"
"get","/anomalies/settings/{policyid}","Get Anomaly Settings","getAnomaliesSettings","Anomalies","AnomaliesMicroService.json"
"post","/anomalies/settings/{policyid}","Update Anomaly Settings","updateSettings","Anomalies","AnomaliesMicroService.json"
"get","/anomalies/trusted_list/types","List Allowed Trusted List Types","getAllowedTrustedListTypes","Anomalies","AnomaliesMicroService.json"
"get","/anomalies/settings","Get All Anomaly Settings","getAllAnomaliesSettings","Anomalies","AnomaliesMicroService.json"
"get","/anomalies/policies","List Policies for Trusted List Type","get-policies-anomalies","Anomalies","AnomaliesMicroService.json"
"post","/appid/api/v1/download/app","Download Application Inventory","inventory-Application-Csv-Download","Applications","Monolith"
"get","/appid/api/v1/app/criteria","Get Discovery Criteria","get_4","Applications","Monolith"
"post","/appid/api/v1/app/criteria","Create Discovery Criteria","create_1","Applications","Monolith"
"get","/appid/api/v1/app/criteria/{id}","Get Application Discovery Criteria by ID","get_5","Applications","Monolith"
"delete","/appid/api/v1/app/criteria/{id}","Delete Discovery Criteria","delete-discovery-criteria","Applications","Monolith"
"patch","/appid/api/v1/app/criteria/{id}","Update Discovery Criteria","edit-discovery-criteria","Applications","Monolith"
"get","/appid/api/v1/download/app/{id}","Download Application Details","appDetailsCsvDownload","Applications","Monolith"
"get","/appid/api/v1/download/app/config/{id}","Download Application ABOM","app-download-abom","Applications","Monolith"
"post","/appid/api/v2/app","Get All Applications","list-Apps-V2","Applications","Monolith"
"get","/appid/api/v2/app/{id}","Get Application by ID","get-App-V2","Applications","Monolith"
"post","/appid/api/v2/app/{id}/assets","Get Assets Associated with an Application","search-Assets-By-App","Applications","Monolith"
"post","/appid/api/v2/app/{id}/vulnerabilities","Get Vulnerabilities in an Application","search-Vulns-By-App","Applications","Monolith"
"post","/appid/api/v2/app/{id}/alerts","Get Alerts for an Application","search-Alerts-By-App","Applications","Monolith"
"get","/appid/api/v2/app/summary","Get Application Summary","app-Summary","Applications","Monolith"
"post","/appid/api/v2/app/{id}/grouped-counts","Get Risk Count of an Application","search-Counts-By-App","Applications","Monolith"
"get","/appid/api/v2/tags","List Tags","get-Tags-By-Prisma-Id","Applications","Monolith"
"post","/appid/search/api/v1/app","Get Applications by RQL",,"Applications","Monolith"
"post","/appid/search/api/v1/app/risk","Get Vulnerabilities and Alerts for an Application",,"Applications","Monolith"
"post","/appid/search/api/v1/app/service","Get Vulnerabilities and Alerts for a Service",,"Applications","Monolith"
"get","/appid/app/service/{id}","Get Assets and Services of an Application",,"Applications","Monolith"
"get","/config/api/v1/tenant/{prisma_id}/archiveList","Bulk Export Resource Archives","bulkExportResourceArchives","Archived Assets","ArchivedAssetsMicroService.json"
"get","/filter/resource/scan_info/suggest","List Resource Info Filters","get-resource-info-filters-and-options","Asset Explorer","Monolith"
"post","/filter/resource/scan_info/suggest","List Resource Info Filter Autocomplete Suggestions","get-resource-info-filter-options","Asset Explorer","Monolith"
"get","/resource/scan_info","Resource Scan Info - GET","get-resource-scan-info","Asset Explorer","Monolith"
"post","/resource/scan_info","Resource Scan Info - POST","post-resource-scan-info","Asset Explorer","Monolith"
"get","/v2/resource/scan_info","Resource Scan Info V2 - GET","get-resource-scan-info-v2","Asset Explorer","Monolith"
"post","/v2/resource/scan_info","Resource Scan Info V2 - POST","post-resource-scan-info-v2","Asset Explorer","Monolith"
"get","/filter/v2/inventory/suggest","List Inventory Filters V2","get-asset-inventory-v2-filters-and-options","Asset Inventory","Monolith"
"post","/filter/v2/inventory/suggest","List Inventory Dashboard Filter Autocomplete Suggestions V2","get-asset-inventory-v2-dashboard-filter-options","Asset Inventory","Monolith"
"get","/filter/inventory","List Saved Asset Inventory Filters","get-all-saved-asset-inventory-filters","Asset Inventory","Monolith"
"post","/filter/inventory","Save Asset Inventory Filter","save-asset-inventory-filter","Asset Inventory","Monolith"
"get","/filter/inventory/{id}","Get Saved Asset Inventory Filter","get-saved-asset-inventory-filter","Asset Inventory","Monolith"
"put","/filter/inventory/{id}","Update Saved Asset Inventory Filter","update-saved-asset-inventory-filter","Asset Inventory","Monolith"
"delete","/filter/inventory/{id}","Delete Saved Asset Inventory Filter","delete-saved-asset-inventory-filter","Asset Inventory","Monolith"
"get","/v2/inventory","Asset Inventory View V2 - GET","asset-inventory-v2","Asset Inventory","Monolith"
"post","/v2/inventory","Asset Inventory View V2 - POST","post-method-for-asset-inventory-v2","Asset Inventory","Monolith"
"get","/v2/inventory/trend","Asset Inventory Trend View V2 - GET","asset-inventory-trend-v2","Asset Inventory","Monolith"
"post","/v2/inventory/trend","Asset Inventory Trend View V2 - POST","post-method-asset-inventory-trend-v2","Asset Inventory","Monolith"
"get","/v3/inventory","Asset Inventory View V3 - GET","asset-inventory-v3","Asset Inventory","Monolith"
"post","/v3/inventory","Asset Inventory View V3 - POST","post-method-for-asset-inventory-v3","Asset Inventory","Monolith"
"get","/v3/inventory/trend","Asset Inventory Trend View V3 - GET","asset-inventory-trend-v3","Asset Inventory","Monolith"
"post","/v3/inventory/trend","Asset Inventory Trend View V3 - POST","post-method-asset-inventory-trend-v3","Asset Inventory","Monolith"
"post","/uai/v1/asset","Get Asset","get-asset-details-by-id","Asset Explorer","AssetMicroService.json"
"get","/rtm/api/v1/asset-relationship-type-definition","List Asset Relationship Type Definitions","get-asset-relationship-type-definitions","Asset Relationship Definitions","Monolith"
"get","/rtm/api/v1/asset-relationship-definition","List Asset Relationship Definitions","get-asset-relationship-definitions","Asset Relationship Definitions","Monolith"
"get","/audit/redlock","Prisma Cloud Audit Logs","rl-audit-logs","Audit Logs","Monolith"
"post","/audit/api/v1/log","Get Audit Logs","getAuditLogs","Audit Logs","AuditLogsMicroService.json"
"post","/audit/api/v1/filter/suggest","Get Filter Suggestions","getResourceTypes","Audit Logs","AuditLogsMicroService.json"
"get","/report-service/api/v1/report","Get Reports Metadata","list-reports","Background Jobs","BackgroundJobsMicroService.json"
"get","/report-service/api/v1/report/{reportId}","Get Report Metadata by ID","get-report-metadata-by-id","Background Jobs","BackgroundJobsMicroService.json"
"get","/report-service/api/v1/report/{reportId}/status","Get Report Status","get-report-status-by-id","Background Jobs","BackgroundJobsMicroService.json"
"get","/report-service/api/v1/report/{reportId}/download","Download a report","download-report-by-id","Background Jobs","BackgroundJobsMicroService.json"
"post","/asm/api/v1/convert-cloud-account","Onboard Cloud Accounts","onboard-Cloud-Accounts","Discovery and Exposure Management","CDEMMicroServices.json"
"post","/asm/api/v1/asset","Get Assets List","asset-inventory-for-l3","Discovery and Exposure Management","CDEMMicroServices.json"
"post","/asm/api/v1/asset/{asset_id}/finding","Get Findings of an Asset ","get-asset-findings","Discovery and Exposure Management","CDEMMicroServices.json"
"post","/asm/api/v1/asset/{asset_id}/finding/filters","Get Asset Findings Filter","get-finding-filters","Discovery and Exposure Management","CDEMMicroServices.json"
"post","/asm/api/v1/asset/snooze","Snooze Unmanaged Assets","asset-snooze","Discovery and Exposure Management","CDEMMicroServices.json"
"post","/asm/api/v1/asset/reopen","Unsnooze Unmanaged Assets","asset-unsnooze","Discovery and Exposure Management","CDEMMicroServices.json"
"post","/asm/api/v1/asset/email","Email Asset Details","send-asset-detail-email-from-sidecar","Discovery and Exposure Management","CDEMMicroServices.json"
"post","/asm/api/v1/asset/download","Download Unmanaged Assets","asset-download","Discovery and Exposure Management","CDEMMicroServices.json"
"post","/asm/api/v1/asset/aggregation-by-resource-type","Get Aggregated Asset Count by Asset Type","get-asset-count-by-asset-type-for-l2","Discovery and Exposure Management","CDEMMicroServices.json"
"post","/asm/api/v1/asset/aggregation-by-cloud-type","Get Aggregated Asset Count by Cloud Type","get-assets-aggregated-by-provider-for-l1","Discovery and Exposure Management","CDEMMicroServices.json"
"get","/asm/api/v1/service","Get Services","list-services","Discovery and Exposure Management","CDEMMicroServices.json"
"get","/asm/api/v1/service/{serviceId}","Get Service Details","fetch-asm-service-details","Discovery and Exposure Management","CDEMMicroServices.json"
"get","/asm/api/v1/industry-benchmarks","Get Industry Benchmark Data","get-industry-benchmarks","Discovery and Exposure Management","CDEMMicroServices.json"
"get","/asm/api/v1/dashboard/convertible-accounts","Get Convertible Accounts","get-convertible-cloud-accounts","Discovery and Exposure Management","CDEMMicroServices.json"
"get","/asm/api/v1/dashboard/asset","Get Convertible Assets","list-assets","Discovery and Exposure Management","CDEMMicroServices.json"
"get","/asm/api/v1/dashboard/asset/trend","Get Asset Trend","fetch-assets-by-manage-type-and-remediation","Discovery and Exposure Management","CDEMMicroServices.json"
"get","/asm/api/v1/dashboard/asset/top-risk","Get Asset Top Risks","get-top-risks","Discovery and Exposure Management","CDEMMicroServices.json"
"get","/asm/api/v1/dashboard/asset/internet-exposure-risk","Get Internet Exposure Risk Distribution","fetch-internet-exposure-asm-assets","Discovery and Exposure Management","CDEMMicroServices.json"
"get","/asm/api/v1/dashboard/asset/geolocation","Get Assets Count Across Location","fetch-asset-by-geo-location","Discovery and Exposure Management","CDEMMicroServices.json"
"get","/asm/api/v1/dashboard/asset/count","Get Convertible Assets Count","get-asset-counts","Discovery and Exposure Management","CDEMMicroServices.json"
"get","/asm/api/v1/asset/{asset_id}","Get Asset Details by ID","get-asset-details","Discovery and Exposure Management","CDEMMicroServices.json"
"get","/asm/api/v1/asset/{asset_id}/vulnerability","Get Vulnerabilities in an Asset by ID","asset-vulnerability","Discovery and Exposure Management","CDEMMicroServices.json"
"get","/asm/api/v1/asset/{assetId}/flowlog-relationships","Get Flow Logs of Unmanaged Assets","fetch-flowlog-relationships","Discovery and Exposure Management","CDEMMicroServices.json"
"get","/asm/api/v1/asset/{asmAssetId}/service","Get List of Service for an Asset","fetch-asm-services-linked-to-asset","Discovery and Exposure Management","CDEMMicroServices.json"
"get","/asm/api/v1/asset/vulnerability","Get Impacted Distros for a Vulnerability","vulnerability","Discovery and Exposure Management","CDEMMicroServices.json"
"get","/asm/api/v1/asset/snoozed-regex","Get Snooze Regex Pattern","list-snoozed-pattern","Discovery and Exposure Management","CDEMMicroServices.json"
"get","/asm/api/v1/asset/filters","Get Asset Filters","get-asset-filters","Discovery and Exposure Management","CDEMMicroServices.json"
"get","/account/{accountId}/config/status","Get Account Status","list-cloud-account-status-details","Cloud Accounts (All)","CloudAccountOnboardingMicroServices.json"
"post","/cas/v1/aws_account","Add Cloud Account (AWS)","add-aws-cloud-account","Cloud Accounts (AWS)","CloudAccountOnboardingMicroServices.json"
"post","/cas/v1/aws_account/{account_id}/ancestors","List Ancestors (AWS)","get-ancestors-for-given-members-ous","Cloud Accounts (AWS)","CloudAccountOnboardingMicroServices.json"
"put","/cas/v1/aws_account/{id}","Update Cloud Account (AWS)","update-aws-cloud-account","Cloud Accounts (AWS)","CloudAccountOnboardingMicroServices.json"
"post","/cas/v1/aws_account/{parent_id}/children","List Children of Parent (AWS)","get-list-of-children-under-parent-aws","Cloud Accounts (AWS)","CloudAccountOnboardingMicroServices.json"
"post","/cas/v1/azure_account","Add Cloud Account (Azure)","add-azure-cloud-account","Cloud Accounts (Azure)","CloudAccountOnboardingMicroServices.json"
"put","/cas/v1/azure_account/{account_id}","Update Cloud Account (Azure)","update-azure-cloud-account","Cloud Accounts (Azure)","CloudAccountOnboardingMicroServices.json"
"post","/cas/v1/cloud_account/status/aws","Get Cloud Account Status (AWS)","get-aws-cloud-account-status","Cloud Accounts (AWS)","CloudAccountOnboardingMicroServices.json"
"post","/cas/v1/cloud_account/status/azure","Get Cloud Account Status (Azure)","get-azure-cloud-account-status","Cloud Accounts (Azure)","CloudAccountOnboardingMicroServices.json"
"post","/cas/v1/cloud_account/status/gcp","Get Cloud Account Status (GCP)","get-gcp-cloud-account-status","Cloud Accounts (GCP)","CloudAccountOnboardingMicroServices.json"
"post","/cas/v1/gcp_account","Add Cloud Account (GCP)","add-gcp-cloud-account","Cloud Accounts (GCP)","CloudAccountOnboardingMicroServices.json"
"put","/cas/v1/gcp_account/{id}","Update Cloud Account (GCP)","update-gcp-cloud-account","Cloud Accounts (GCP)","CloudAccountOnboardingMicroServices.json"
"get","/cloud","Get all Cloud Accounts","get-cloud-accounts","Cloud Accounts (All)","CloudAccountOnboardingMicroServices.json"
"post","/cloud-accounts-manager/v1/cloudAccounts/awsAccounts/{account_id}/ancestors","List Ancestors (AWS) - Legacy","get-ancestors-for-given-members-ous-legacy","Cloud Accounts (AWS)","CloudAccountOnboardingMicroServices.json"
"post","/cloud-accounts-manager/v1/cloudAccounts/awsAccounts/{parent_id}/children","List Children of Parent (AWS) - Legacy","get-list-of-children-under-parent-aws-legacy","Cloud Accounts (AWS)","CloudAccountOnboardingMicroServices.json"
"post","/cloud-accounts-manager/v1/cloudAccounts/azureAccounts/{account_id}/ancestors","List Ancestors (Azure)","get-ancestors-for-given-subscriptions-and-management-groups","Cloud Accounts (Azure)","CloudAccountOnboardingMicroServices.json"
"post","/cloud-accounts-manager/v1/cloudAccounts/azureAccounts/{parent_id}/children","List Children of Parent (Azure)","list-children-under-parent","Cloud Accounts (Azure)","CloudAccountOnboardingMicroServices.json"
"post","/cloud/gcp/parent/{parent_id}/children","List Children of Parent (GCP)","get-list-of-children-under-parent","Cloud Accounts (GCP)","CloudAccountOnboardingMicroServices.json"
"get","/cloud/name","List Cloud Account Names - GET","get-cloud-account-names","Cloud Accounts (All)","CloudAccountOnboardingMicroServices.json"
"post","/cloud/name","List Cloud Account Names - POST","get-cloud-account-names-by-post","Cloud Accounts (All)","CloudAccountOnboardingMicroServices.json"
"post","/cloud/oci/terraform","Generate Zipped Terraform Script (OCI)","generateterraformscript","Cloud Accounts (OCI and Alibaba)","CloudAccountOnboardingMicroServices.json"
"post","/cloud/status/{cloud_type}","Get Cloud Account Status (OCI and Alibaba)","get-cloud-account-status","Cloud Accounts (OCI and Alibaba)","CloudAccountOnboardingMicroServices.json"
"get","/cloud/type","List Cloud Types","get-cloud-types","Cloud Accounts (All)","CloudAccountOnboardingMicroServices.json"
"post","/cloud/{cloud_type}","Add Cloud Account (OCI and Alibaba)","add-cloud-account","Cloud Accounts (OCI and Alibaba)","CloudAccountOnboardingMicroServices.json"
"post","/cloud/{cloud_type}/accounts/{account_id}/ancestors","List Ancestors (GCP)","get-ancestors-for-given-projects-folders","Cloud Accounts (GCP)","CloudAccountOnboardingMicroServices.json"
"get","/cloud/{cloud_type}/accounts/{account_id}/hierarchy","Get Saved Resource Hierarchy (GCP)","get-previously-saved-resource-hierarchy","Cloud Accounts (GCP)","CloudAccountOnboardingMicroServices.json"
"post","/cloud/{cloud_type}/parent/{parent_id}/folders","List Folders of Parent (GCP)","get-list-of-folders-under-parent","Cloud Accounts (GCP)","CloudAccountOnboardingMicroServices.json"
"post","/cloud/{cloud_type}/parent/{parent_id}/projects","List Projects of Parent (GCP)","get-list-of-projects-under-parent","Cloud Accounts (GCP)","CloudAccountOnboardingMicroServices.json"
"get","/cloud/{cloud_type}/{id}","Get Cloud Account Details","get-cloud-account","Cloud Accounts (All)","CloudAccountOnboardingMicroServices.json"
"put","/cloud/{cloud_type}/{id}","Update Cloud Account (OCI and Alibaba)","update-cloud-account","Cloud Accounts (OCI and Alibaba)","CloudAccountOnboardingMicroServices.json"
"delete","/cloud/{cloud_type}/{id}","Delete Cloud Account","delete-cloud-account","Cloud Accounts (All)","CloudAccountOnboardingMicroServices.json"
"patch","/cloud/{cloud_type}/{id}","Update Cloud Account Details","patch-cloud-account","Cloud Accounts (All)","CloudAccountOnboardingMicroServices.json"
"get","/cloud/{cloud_type}/{id}/project","Get Cloud Org Accounts","get-cloud-org-accounts","Cloud Accounts (All)","CloudAccountOnboardingMicroServices.json"
"get","/cloud/{id}/owners","List Cloud Account Owners","get-cloud-account-owners","Cloud Accounts (All)","CloudAccountOnboardingMicroServices.json"
"patch","/cloud/{id}/status/{enabled}","Update Cloud Account Status","update-cloud-account-status","Cloud Accounts (All)","CloudAccountOnboardingMicroServices.json"
"get","/v1/cloudAccounts/awsLoggingAccounts","Get all AWS Logging Accounts","getLoggingArchiveAccounts","AWS Logging Accounts","CloudAccountOnboardingMicroServices.json"
"post","/v1/cloudAccounts/awsLoggingAccounts","Add AWS Logging Account","saveLoggingAccount","AWS Logging Accounts","CloudAccountOnboardingMicroServices.json"
"post","/v1/cloudAccounts/awsLoggingAccounts/cft","Generate a New CFT Template","generate-log-account-cft","AWS Logging Accounts","CloudAccountOnboardingMicroServices.json"
"post","/v1/cloudAccounts/awsLoggingAccounts/permissionsStatus","Get Logging Account Status","checkLoggingAccountStatus","AWS Logging Accounts","CloudAccountOnboardingMicroServices.json"
"get","/v1/cloudAccounts/awsLoggingAccounts/{accountId}","Get Logging Account By ID","getLoggingArchiveAccount","AWS Logging Accounts","CloudAccountOnboardingMicroServices.json"
"delete","/v1/cloudAccounts/awsLoggingAccounts/{accountId}/buckets/{bucketName}","Delete an S3 bucket","deleteBucket","AWS Logging Accounts","CloudAccountOnboardingMicroServices.json"
"get","/v1/cloudAccounts/awsLoggingAccounts/{accountId}/cft","Regenerate CFT for an Existing Account","generate-log-account-cft-existing","AWS Logging Accounts","CloudAccountOnboardingMicroServices.json"
"post","/v1/cloudAccounts/awsLoggingAccounts/{accountId}/cft","Regenerate CFT for New RoleName","generate-log-account-cft-role","AWS Logging Accounts","CloudAccountOnboardingMicroServices.json"
"get","/v1/cloudAccounts/awsLoggingAccounts/{accountId}/role/{roleName}/externalId","Get External ID of an Account","Get External ID ","AWS Logging Accounts","CloudAccountOnboardingMicroServices.json"
"put","/v1/cloudAccounts/awsLoggingAccounts/{loggingAccountId}","Update Logging Account","updateLoggingAccount","AWS Logging Accounts","CloudAccountOnboardingMicroServices.json"
"delete","/v1/cloudAccounts/awsLoggingAccounts/{loggingAccountId}","Delete a Logging Account by ID","deleteLoggingAccount","AWS Logging Accounts","CloudAccountOnboardingMicroServices.json"
"get","/v1/cloudAccounts/awsLoggingAccounts/{loggingAccountId}/buckets","List S3 Bucket Names","getBuckets","AWS Logging Accounts","CloudAccountOnboardingMicroServices.json"
"post","/v1/cloudAccounts/awsLoggingAccounts/{loggingAccountId}/buckets","Add an S3 bucket","saveBucket","AWS Logging Accounts","CloudAccountOnboardingMicroServices.json"
"get","/v1/cloudAccounts/awsLoggingAccounts/{loggingAccountId}/buckets/{bucketName}","Get all S3 Buckets","getBucketDetails","AWS Logging Accounts","CloudAccountOnboardingMicroServices.json"
"put","/v1/cloudAccounts/awsLoggingAccounts/{loggingAccountId}/buckets/{bucketName}","Update S3 Bucket Details","updateBucket","AWS Logging Accounts","CloudAccountOnboardingMicroServices.json"
"get","/v1/cloudAccounts/awsLoggingAccounts/{loggingAccountId}/permissionsStatus","Get Logging Account Status - GET","getLoggingAccountStatus","AWS Logging Accounts","CloudAccountOnboardingMicroServices.json"
"post","/v1/cloudAccounts/awsLoggingAccounts/{loggingAccountId}/permissionsStatus","Get Logging Account Status - POST","checkLoggingAccountStatusForProvidedAccount","AWS Logging Accounts","CloudAccountOnboardingMicroServices.json"
"post","/dlp/api/v1/config/awsorg/status","Check Data Security Preconditions (AWS Org)","get-status-for-org","Cloud Accounts (AWS)","Monolith"
"post","/dlp/api/config/v2","Add Data Security Config (AWS Org)","onboard-aws-org-scan","Cloud Accounts (AWS)","Monolith"
"put","/dlp/api/config/v2","Update Data Security Config (AWS Org)","update-aws-org-scan-config","Cloud Accounts (AWS)","Monolith"
"get","/dlp/api/config/v2/{accountId}","Get Data Security Config (AWS Org)","get-aws-org-scan-details","Cloud Accounts (AWS)","Monolith"
"post","/cas/v1/azure_template","Generate and Download the Terraform template (Azure)","generate-template-link","Cloud Accounts (Azure)","CloudAccountsMicroService.json"
"get","/cas/v1/cloud/{cloudType}/deployment-type","Get Cloud Account Deployment Types (Alibaba)","getCloudDeploymentTypes","Cloud Accounts (OCI and Alibaba)","CloudAccountsMicroService.json"
"post","/cas/v1/gcp_template","Generate and Download the Terraform Template (GCP)","generate-template-link-gcp-gcp","Cloud Accounts (GCP)","CloudAccountsMicroService.json"
"post","/cas/v1/aws_template/presigned_url","Generate the CFT Template Link (AWS)","generate-cft-template-link-aws","Cloud Accounts (AWS)","CloudAccountsMicroService.json"
"post","/cas/v1/aws_template","Generate and Download the CFT Template (AWS)","generate-cft-template-aws","Cloud Accounts (AWS)","CloudAccountsMicroService.json"
"put","/cas/api/v1/org/{id}/features","Update Feature State for Members of an Organization","save-Bulk-Cloud-Account-Feature","Cloud Accounts (All)","CloudAccountsMicroService.json"
"post","/cas/v1/features/cloud/{cloud_type}","Fetch Supported Features For Cloud Type","fetch-supported-features","Cloud Accounts (All)","CloudAccountsMicroService.json"
"get","/entitlement/api/v1/collection/{id}","Get Collection by ID","get-collection-by-id","Collections","Monolith"
"put","/entitlement/api/v1/collection/{id}","Update Collection","update-collection-by-id","Collections","Monolith"
"delete","/entitlement/api/v1/collection/{id}","Delete Collection","delete-collection-by-id","Collections","Monolith"
"get","/entitlement/api/v1/collection","Get All Collections","get-all-collections","Collections","Monolith"
"post","/entitlement/api/v1/collection","Create Collection","create-collection","Collections","Monolith"
"post","/commandcenter/api/v1/metrics/alert-count-by-resolution-reason","Get Alerts Count By Resolution Reason","value-widgets-alert-metrics-resolution-reason","Widgets","CommandCenterMicroService.json"
"post","/commandcenter/api/v1/metrics/alert-mean-resolution-time","Get Mean Resolution Time","value-widgets-alert-metrics","Widgets","CommandCenterMicroService.json"
"post","/commandcenter/api/v1/summary/{swimlane-type}","List Total Alerts based on the severity","command-center-list-total-alerts-by-severity","Command Center","CommandCenterMicroService.json"
"post","/commandcenter/api/v1/top-assets/{swimlane-type}","List Top N assets","command-center-list-top-assets","Command Center","CommandCenterMicroService.json"
"post","/commandcenter/api/v1/top-policies/{swimlane-type}","List Top Policies","command-center-list-top-policies","Command Center","CommandCenterMicroService.json"
"post","/commandcenter/v1/top-vulnerabilities","List Top Vulnerabilities","command-center-list-top-vulnerabilities","Command Center","CommandCenterMicroService.json"
"post","/commandcenter/v1/vulnerabilities/summary","List Total Vulnerable Images and Hosts","command-center-list-total-vulnerable-images-hosts","Command Center","CommandCenterMicroService.json"
"get","/compliance/posture","Get Compliance Statistics Breakdown - GET","get-compliance-posture","Compliance Posture","Monolith"
"post","/compliance/posture","Get Compliance Statistics Breakdown - POST","post-compliance-posture","Compliance Posture","Monolith"
"get","/compliance/posture/{complianceId}","Get Compliance Statistics for Standard ID - GET","get-compliance-posture-for-standard","Compliance Posture","Monolith"
"post","/compliance/posture/{complianceId}","Get Compliance Statistics for Standard ID - POST","post-compliance-posture-for-standard","Compliance Posture","Monolith"
"get","/compliance/posture/{complianceId}/{requirementId}","Get Compliance Statistics for Requirement ID - GET","get-compliance-posture-for-requirement","Compliance Posture","Monolith"
"post","/compliance/posture/{complianceId}/{requirementId}","Get Compliance Statistics for Requirement ID - POST","post-compliance-posture-for-requirement","Compliance Posture","Monolith"
"get","/compliance/posture/trend","Get Compliance Trend - GET","get-compliance-posture-trend","Compliance Posture","Monolith"
"post","/compliance/posture/trend","Get Compliance Trend - POST","post-compliance-posture-trend","Compliance Posture","Monolith"
"get","/compliance/posture/trend/{complianceId}","Get Compliance Trend for Standard ID - GET","get-compliance-posture-trend-for-standard","Compliance Posture","Monolith"
"post","/compliance/posture/trend/{complianceId}","Get Compliance Trend for Standard ID - POST","post-compliance-posture-trend-for-standard","Compliance Posture","Monolith"
"get","/compliance/posture/trend/{complianceId}/{requirementId}","Get Compliance Trend for Requirement ID - GET","get-compliance-posture-trend-for-requirement","Compliance Posture","Monolith"
"post","/compliance/posture/trend/{complianceId}/{requirementId}","Get Compliance Trend for Requirement ID - POST","post-compliance-posture-trend-for-requirement","Compliance Posture","Monolith"
"get","/filter/compliance/posture/suggest","Get Compliance Overview Filters and Options","get-compliance-posture-filters-and-options","Compliance Posture","Monolith"
"post","/filter/compliance/posture/suggest","List Compliance Overview Filter Autocomplete Suggestions","get-compliance-posture-filter-options","Compliance Posture","Monolith"
"get","/v2/compliance/posture","Get Compliance Statistics Breakdown V2 - GET","get-compliance-posture-v2","Compliance Posture","Monolith"
"post","/v2/compliance/posture","Get Compliance Statistics Breakdown V2 - POST","post-compliance-posture-v2","Compliance Posture","Monolith"
"get","/v2/compliance/posture/{complianceId}","Get Compliance Statistics for Standard ID V2 - GET","get-compliance-posture-for-standard-v2","Compliance Posture","Monolith"
"post","/v2/compliance/posture/{complianceId}","Get Compliance Statistics for Standard ID V2 - POST","post-compliance-posture-for-standard-v2","Compliance Posture","Monolith"
"get","/v2/compliance/posture/{complianceId}/{requirementId}","Get Compliance Statistics for Requirement ID V2 - GET","get-compliance-posture-for-requirement-v2","Compliance Posture","Monolith"
"post","/v2/compliance/posture/{complianceId}/{requirementId}","Get Compliance Statistics for Requirement ID V2 - POST","post-compliance-posture-for-requirement-v2","Compliance Posture","Monolith"
"get","/v2/compliance/posture/trend","Get Compliance Trend V2 - GET","get-compliance-posture-trend-v2","Compliance Posture","Monolith"
"post","/v2/compliance/posture/trend","Get Compliance Trend V2 - POST","post-compliance-posture-trend-v2","Compliance Posture","Monolith"
"get","/v2/compliance/posture/trend/{complianceId}","Get Compliance Trend for Standard ID V2 - GET","get-compliance-posture-trend-for-standard-v2","Compliance Posture","Monolith"
"post","/v2/compliance/posture/trend/{complianceId}","Get Compliance Trend for Standard ID V2 - POST","post-compliance-posture-trend-for-standard-v2","Compliance Posture","Monolith"
"get","/v2/compliance/posture/trend/{complianceId}/{requirementId}","Get Compliance Trend for Requirement ID V2 - GET","get-compliance-posture-trend-for-requirement-v2","Compliance Posture","Monolith"
"post","/v2/compliance/posture/trend/{complianceId}/{requirementId}","Get Compliance Trend for Requirement ID V2 - POST","post-compliance-posture-trend-for-requirement-v2","Compliance Posture","Monolith"
"get","/compliance","List Compliance Standards","get-all-standards","Compliance Standards","Monolith"
"post","/compliance","Add Compliance Standard","add-standard","Compliance Standards","Monolith"
"get","/compliance/{complianceId}","Get Compliance Standard by ID","get-standards-by-id","Compliance Standards","Monolith"
"put","/compliance/{complianceId}","Update Compliance Standard","update-standard","Compliance Standards","Monolith"
"delete","/compliance/{complianceId}","Delete Compliance Standard","delete-standard","Compliance Standards","Monolith"
"post","/compliance/clone/{complianceId}","Clone Compliance Standard","clone-standard","Compliance Standards","Monolith"
"get","/compliance/{complianceId}/requirement","List Compliance Requirements","get-requirements","Compliance Standards","Monolith"
"post","/compliance/{complianceId}/requirement","Add Compliance Requirement","add-requirement","Compliance Standards","Monolith"
"get","/compliance/requirement/{requirementId}","Get Compliance Requirement by ID","get-requirement-by-id","Compliance Standards","Monolith"
"put","/compliance/requirement/{requirementId}","Update Compliance Requirement","update-requirement","Compliance Standards","Monolith"
"delete","/compliance/requirement/{requirementId}","Delete Compliance Requirement","delete-requirement","Compliance Standards","Monolith"
"get","/compliance/{requirementId}/section","List Compliance Requirement Sections","get-sections","Compliance Standards","Monolith"
"post","/compliance/{requirementId}/section","Add Compliance Requirement Section","add-section","Compliance Standards","Monolith"
"put","/compliance/requirement/section/{sectionId}","Update Compliance Requirement Section","update-section","Compliance Standards","Monolith"
"delete","/compliance/requirement/section/{sectionId}","Delete Compliance Requirement Section","delete-section","Compliance Standards","Monolith"
"post","/dlp/api/v1/dashboard/alerts/aggregate","Get Dashboard Alerts","get-dashboard-alerts","Data Security Dashboard","Monolith"
"post","/dlp/api/v1/dashboard/objects/aggregate/by-classification","Get Dashboard Objects By Classification","get-dashboard-object-by-classification","Data Security Dashboard","Monolith"
"post","/dlp/api/v1/dashboard/objects/aggregate/by-owner","Get Dashboard Objects By Owner","get-dashboard-object-by-owner","Data Security Dashboard","Monolith"
"post","/dlp/api/v1/dashboard/objects/aggregate/by-region","Get Dashboard Objects By Region","get-dashboard-object-by-region","Data Security Dashboard","Monolith"
"post","/dlp/api/v1/dashboard/objects/aggregate/sensitive-exposed","Get Dashboard Sensitive Objects","get-dashboard-object-sensitive","Data Security Dashboard","Monolith"
"post","/dlp/api/v1/dashboard/resources/aggregate/by-exposure","Get Dashboard Resource Aggregate By Exposure","get-dashboard-resource-by-exposure","Data Security Dashboard","Monolith"
"post","/dlp/api/v1/dashboard/violations/aggregate","Get Dashboard Violations","get-dashboard-violations","Data Security Dashboard","Monolith"
"get","/dlp/api/v1/inventory/data-scanned","Get Data Usage","get-data-usage","Data Security Inventory","Monolith"
"post","/dlp/api/v1/inventory/object/data-classification/reportv2","Get Classification Report V2","get-classification-report-v2","Data Security Inventory","Monolith"
"post","/dlp/api/v1/inventory/object/data-classification/report","Get Classification Report","get-classification-report","Data Security Inventory","Monolith"
"post","/dlp/api/v1/inventory/objects/aggregate","List Inventory Resources","get-inventory-resources","Data Security Inventory","Monolith"
"post","/dlp/api/v1/inventory/objects/aggregate/l4","List Paginated Inventory Objects at Level 4","get-inventory-objects-l4","Data Security Inventory","Monolith"
"post","/dlp/api/v1/inventory/object/details","Get Inventory Object Details","get-inventory-object-details","Data Security Inventory","Monolith"
"post","/dlp/api/v1/inventory/objects/aggregate/by-classification","Get Object Counts by Classification","get-inventory-objects-by-classification","Data Security Inventory","Monolith"
"post","/dlp/api/v1/inventory/objects/aggregate/alerts/by-classification","Get Aggregate Alert Data by Classification","get-inventory-aggregate-alerts-by-classification","Data Security Inventory","Monolith"
"post","/dlp/api/v1/inventory/objects/aggregate/history","Get Aggregate Data by History","get-inventory-aggregate-history","Data Security Inventory","Monolith"
"post","/dlp/api/v1/inventory/object/malware/report/hash/{fileHash}","Get Malware Report","get-malware-report","Data Security Inventory","Monolith"
"post","/dlp/api/v1/inventory/resource/details","Get Inventory Resource Details","get-inventory-resource-details","Data Security Inventory","Monolith"
"post","/dlp/api/v1/inventory/resource/objects","Get Inventory Resource Objects","get-inventory-resource-objects","Data Security Inventory","Monolith"
"post","/dlp/api/v1/inventory/snippet","Generate Snippet","add-snippets","Data Security Inventory","Monolith"
"get","/dlp/api/v1/inventory/snippet/objects/{objectId}/datapattern/{dataPatternId}","Get Snippet","get-snippets","Data Security Inventory","Monolith"
"post","/config/v3/account","Save Account Config With Given Attributes","save-account-config","Cloud Accounts (All)","DataSecurityOnboardingMicroService.json"
"get","/config/v3/account/awsorg/{id}","Fetch Master Account Details (AWS Org)","getAwsOrgCloudConfig","Cloud Accounts (AWS)","DataSecurityOnboardingMicroService.json"
"get","/config/v3/account/awsorg/{id}/status","Performs a Permissions Check for the Given PCDS Account (AWS Org)","get-status-pcds-aws-org-account","Cloud Accounts (AWS)","DataSecurityOnboardingMicroService.json"
"get","/config/v3/account/storageUUID/{id}","Fetch Account Config By Storage UUID","get-account-config-by-storage-uuid","Data Security Onboarding","DataSecurityOnboardingMicroService.json"
"get","/config/v3/account/{id}","Fetch Account Config By PCDS Account ID","get-account-config-by-pcds-account-id","Data Security Onboarding","DataSecurityOnboardingMicroService.json"
"put","/config/v3/account/{id}","Update the account config for the specified PCDS Account ID","update-pcds-account-config","Data Security Onboarding","DataSecurityOnboardingMicroService.json"
"get","/config/v3/account/{id}/status","Performs a Permissions Check for the Given PCDS Account","get-status-pcds-account","Data Security Onboarding","DataSecurityOnboardingMicroService.json"
"get","/config/v3/account/{subscriptionId}/acl-script","Generate an Azure Terraform Script","generate-network-acl-script-by-account-id","Data Security Onboarding","DataSecurityOnboardingMicroService.json"
"post","/config/v3/dss-api/data-pattern/clone/dssTenantId/{dssTenantId}","Clone Data Pattern","clone-dss-data-pattern","Data Security Settings","DataSecurityOnboardingMicroService.json"
"get","/config/v3/dss-api/data-pattern/dssTenantId/{dssTenantId}","List Data Patterns","get-all-dss-data-patterns","Data Security Settings","DataSecurityOnboardingMicroService.json"
"post","/config/v3/dss-api/data-pattern/dssTenantId/{dssTenantId}","Add Data Pattern","add-dss-data-pattern","Data Security Settings","DataSecurityOnboardingMicroService.json"
"put","/config/v3/dss-api/data-pattern/dssTenantId/{dssTenantId}/pattern-id/{patternId}","Update Data Pattern","update-dss-data-pattern","Data Security Settings","DataSecurityOnboardingMicroService.json"
"delete","/config/v3/dss-api/data-pattern/dssTenantId/{dssTenantId}/pattern-id/{patternId}","Delete Data Pattern","delete-dss-data-pattern","Data Security Settings","DataSecurityOnboardingMicroService.json"
"get","/config/v3/dss-api/data-pattern/name/dssTenantId/{dssTenantId}","Get Data Pattern By Name","get-dss-data-pattern-name","Data Security Settings","DataSecurityOnboardingMicroService.json"
"get","/config/v3/dss-api/data-profile/dssTenantId/{dssTenantId}","List Data Profiles","get-dss-data-profiles","Data Security Settings","DataSecurityOnboardingMicroService.json"
"put","/config/v3/dss-api/data-profile/dssTenantId/{dssTenantId}","Update Data Profile Status","enable-disable-dss-data-profiles","Data Security Settings","DataSecurityOnboardingMicroService.json"
"post","/config/v3/dss-api/data-profile/dssTenantId/{dssTenantId}","Add Data Profile","add-dss-data-profile","Data Security Settings","DataSecurityOnboardingMicroService.json"
"get","/config/v3/dss-api/data-profile/dssTenantId/{dssTenantId}/id/{profileId}","Get Data Profile Details","get-dss-data-profile-details","Data Security Settings","DataSecurityOnboardingMicroService.json"
"put","/config/v3/dss-api/data-profile/dssTenantId/{dssTenantId}/id/{profileId}","Update Data Profile","update-dss-data-profile","Data Security Settings","DataSecurityOnboardingMicroService.json"
"post","/config/v3/dss-api/data-profile/dssTenantId/{dssTenantId}/id/{profileId}","Clone Data Profile","clone-dss-data-profile","Data Security Settings","DataSecurityOnboardingMicroService.json"
"delete","/config/v3/dss-api/data-profile/dssTenantId/{dssTenantId}/id/{profileId}","Delete Data Profile","delete-dss-data-profile","Data Security Settings","DataSecurityOnboardingMicroService.json"
"get","/config/v3/dss-api/snippets/dssTenantId/{dssTenantId}","Get Snippet Configuration","get-dss-snippets-config","Data Security Settings","DataSecurityOnboardingMicroService.json"
"post","/config/v3/dss-api/snippets/dssTenantId/{dssTenantId}","Update Snippet Configuration","update-dss-snippets-config","Data Security Settings","DataSecurityOnboardingMicroService.json"
"post","/config/v3/estimated-credits","Perform a Credit Estimation For The Specified Resources.","getCreditEstimation","Data Security Settings","DataSecurityOnboardingMicroService.json"
"put","/config/v3/resource/configure","Update the Resources Scan Config","configureResources","Data Security Settings","DataSecurityOnboardingMicroService.json"
"get","/config/v3/resources","Fetch All Resources For The Given PCDS Tenant","getResources","Data Security Settings","DataSecurityOnboardingMicroService.json"
"get","/config/v3/tenant/acl-script","Generate an Azure Terraform Script for all Azure accounts under the specified PCDS Tenant.","generateNetworkAclScriptByTenantID","Data Security Settings","DataSecurityOnboardingMicroService.json"
"get","/config/v3/tenant/config","Fetch The Tenant Config For The Given PCDS Tenant","getTenantConfig","Data Security Settings","DataSecurityOnboardingMicroService.json"
"put","/config/v3/tenant/resource/sizing/configure","Update the PCDS Tenant Resource Report Frequency","updateReportFrequency","Data Security Settings","DataSecurityOnboardingMicroService.json"
"get","/config/v3/tenant/{tenantId}/{subscriptionId}/terraform-script","Generate an Azure Terraform Script","get-azure-terraform-script","Data Security Onboarding","DataSecurityOnboardingMicroService.json"
"get","/dlp/api/v1/resource-inventory/resources","List Data Resources","get-resource-inventory","Data Security Settings","Monolith"
"put","/dlp/api/config/v2/resource","Update Data Scan Config","update-resource-config","Data Security Settings","Monolith"
"put","/dlp/api/v1/dss-api/data-pattern","List Data Patterns","get-all-data-patterns","Data Security Settings","Monolith"
"post","/dlp/api/v1/dss-api/data-pattern","Add Data Pattern","add-data-pattern","Data Security Settings","Monolith"
"post","/dlp/api/v1/dss-api/data-pattern/clone","Clone Data Pattern","clone-data-pattern","Data Security Settings","Monolith"
"get","/dlp/api/v1/dss-api/data-pattern/id/{patternId}","Get Data Pattern Details","get-data-pattern-details","Data Security Settings","Monolith"
"get","/dlp/api/v1/dss-api/data-pattern/name","Get Data Pattern By Name","get-data-pattern-name","Data Security Settings","Monolith"
"put","/dlp/api/v1/dss-api/data-pattern/{patternId}","Update Data Pattern","update-data-pattern","Data Security Settings","Monolith"
"delete","/dlp/api/v1/dss-api/data-pattern/{patternId}","Delete Data Pattern","delete-data-pattern","Data Security Settings","Monolith"
"get","/dlp/api/v1/dss-api/data-profile","List Data Profiles","get-data-profiles","Data Security Settings","Monolith"
"post","/dlp/api/v1/dss-api/data-profile","Add Data Profile","add-data-profile","Data Security Settings","Monolith"
"put","/dlp/api/v1/dss-api/data-profile","Update Data Profile Status","enable-disable-data-profiles","Data Security Settings","Monolith"
"get","/dlp/api/v1/dss-api/data-profile/id/{profileId}","Get Data Profile Details","get-data-profile-details","Data Security Settings","Monolith"
"put","/dlp/api/v1/dss-api/data-profile/id/{profileId}","Update Data Profile","update-data-profile","Data Security Settings","Monolith"
"post","/dlp/api/v1/dss-api/data-profile/id/{profileId}","Clone Data Profile","clone-data-profile","Data Security Settings","Monolith"
"delete","/dlp/api/v1/dss-api/data-profile/id/{profileId}","Delete Data Profile","delete-data-profile","Data Security Settings","Monolith"
"get","/dlp/api/v1/dss-api/snippets","Get Snippet Configuration","get-snippets-config","Data Security Settings","Monolith"
"post","/dlp/api/v1/dss-api/snippets","Update Snippet Configuration","update-snippets","Data Security Settings","Monolith"
"get","/audit_logs/v2/tenant/{tenantId}/aws_accounts/{accountId}/eventbridge_config","Get AWS Eventbridge configuration details","get-eventbridge-configuration-details","Cloud Ingested Logs","EventBridgeMicroService.json"
"put","/audit_logs/v2/tenant/{tenantId}/aws_accounts/{accountId}/eventbridge_config","Update AWS Eventbridge configuration","save-or-update-eventbridge-config","Cloud Ingested Logs","EventBridgeMicroService.json"
"get","/audit_logs/v2/tenant/{tenantId}/aws_accounts/{accountId}/eventbridge_config/status","Get AWS Eventbridge config status","get-eventbridge-configuration-status","Cloud Ingested Logs","EventBridgeMicroService.json"
"get","/audit_logs/v2/tenant/{tenantId}/aws_accounts/{accountId}/eventbridge_config/cft_download","Generate AWS Eventbridge CFT","generate-eventbridge-cft","Cloud Ingested Logs","EventBridgeMicroService.json"
"post","/api/v1/idp/integration/test","Test IDP Integration","test-integration-with-post","IAM IDP","IAMIdpMicroService.json"
"post","/api/v1/permission","Get Permissions","get-permissions-with-post","IAM","IAMMicroService.json"
"post","/api/v1/permission/page","Get Permissions Next Page","get-next-permissions-page-with-post","IAM","IAMMicroService.json"
"post","/api/v1/permission/access","Get Permission Accesses","get-permissions-access-with-post","IAM","IAMMicroService.json"
"post","/api/v1/permission/access/page","Get Permissions Access Next Page","get-next-permissions-access-with-post","IAM","IAMMicroService.json"
"post","/api/v1/permission/alert/remediation","Get Remediation","get-remediation-with-post","IAM","IAMMicroService.json"
"get","/api/v1/permission/alert/search","Get IAM Query","get-rql-with-get","IAM","IAMMicroService.json"
"post","/api/v1/suggest","Get Query Suggestions","get-suggestions-with-post","IAM","IAMMicroService.json"
"post","/iam/api/v3/search/permission","Get Permissions V3","search-permissions-v3","IAM","IAMV2MicroService.json"
"post","/iam/api/v4/search/permission","Get Permissions V4","permission-search-v4","IAM","IAMV2MicroService.json"
"post","/iam/api/v3/permission/{permission-id}/list_access","Get Permission Accesses V3","permissions-accesses-v3","IAM","IAMV2MicroService.json"
"post","/iam/api/v2/suggestion","Get Query Suggestions V2","iam-suggest-v2","IAM","IAMV2MicroService.json"
"post","/iam/api/v2/search/iam_config","Get Permissions Role or Policy Definition V2","permission-raw-config-definition","IAM","IAMV2MicroService.json"
"post","/iam/api/v1/asset/{asset-id}/related-asset","Get Cloud Identity Inventory (CII) Resource Related Assets","cii-related-assets-v1","IAM","IAMV2MicroService.json"
"get","/iam/api/v2/alert/{alertId}/remediation_command","Get Remediation Command","alert-remediation-command","IAM","IAMV2MicroService.json"
"get","/iam/api/v2/alert/{alertId}/query","Get IAM Query V2","investigate-alert","IAM","IAMV2MicroService.json"
"get","/iam/api/v1/assets/{assetId}/over-permissive-metadata","Get Least Privilege Access Metadata of an Asset","least-privilege-access-metadata-v1","IAM","IAMV2MicroService.json"
"get","/iam/api/v1/assets/{assetId}/existing-least-privileged-access","Get Existing Least Privilege Access Suggestions for an Asset","existing-least-privilege-access-v1","IAM","IAMV2MicroService.json"
"get","/iam/api/v1/assets/{assetId}/custom-least-privileged-access","Get New Least Privilege Access Suggestions for an Asset","custom-least-privilege-access-v1","IAM","IAMV2MicroService.json"
"get","/iam/api/v1/resources/{resourceId}/over-permissive-metadata","Get Least Privilege Access Metadata of a Resource","least-privilege-access-metadata-by-resource-v1","IAM","IAMV2MicroService.json"
"get","/iam/api/v1/resources/{resourceId}/existing-least-privileged-access","Get Least Privilege Access Suggestions for a Resource","existing-least-privilege-access-by-resource-v1","IAM","IAMV2MicroService.json"
"get","/iam/api/v1/resources/{resourceId}/custom-least-privileged-access","Get New Least Privilege Access Suggestions for a Resource","custom-least-privilege-access-by-resource-v1","IAM","IAMV2MicroService.json"
"get","/allow_list/network","List Networks","get-networks-list","IP Allow List","Monolith"
"post","/allow_list/network","Add Network","add-a-network","IP Allow List","Monolith"
"get","/allow_list/network/{networkUuid}","Network Info","get-network-info","IP Allow List","Monolith"
"put","/allow_list/network/{networkUuid}","Rename Network","rename-a-network","IP Allow List","Monolith"
"post","/allow_list/network/{networkUuid}/cidr","Add CIDR","add-cidr-block","IP Allow List","Monolith"
"put","/allow_list/network/{networkUuid}/cidr/{cidrUuid}","Update CIDR","update-cidr-block","IP Allow List","Monolith"
"delete","/allow_list/network/{networkUuid}/cidr/{cidrUuid}","Delete CIDR","delete-cidr-block","IP Allow List","Monolith"
"get","/ip_allow_list_login","List Login IP Allow Lists","list-login-ip-allow-lists","IP Allow List","Monolith"
"post","/ip_allow_list_login","Add Login IP Allow List","insert-login-ip-allow-list","IP Allow List","Monolith"
"get","/ip_allow_list_login/{id}","Get Login IP Allow List","get-login-ip-allow-list","IP Allow List","Monolith"
"put","/ip_allow_list_login/{id}","Update Login IP Allow List","update-login-ip-allow-list","IP Allow List","Monolith"
"delete","/ip_allow_list_login/{id}","Delete Login IP Allow List","delete-login-ip-allow-list","IP Allow List","Monolith"
"get","/ip_allow_list_login/status","Get Login IP Allow List Status","get-login-ip-allow-list-status","IP Allow List","Monolith"
"patch","/ip_allow_list_login/status","Update Login IP Allow List Status","update-login-ip-allow-list-status","IP Allow List","Monolith"
"get","/api/v1/tenant/{prismaId}/integration/channels","Get Supported Integration Types","get-supported-integration-channels-v1","Integrations","IntegrationsMicroService.json"
"get","/api/v1/tenant/{prismaId}/integration","List Integrations","get-all-integrations-v1","Integrations","IntegrationsMicroService.json"
"post","/api/v1/tenant/{prismaId}/integration","Add Integration","create-integration-v1","Integrations","IntegrationsMicroService.json"
"get","/api/v1/tenant/{prismaId}/integration/{id}","Get Integration by ID","get-integration-v1","Integrations","IntegrationsMicroService.json"
"patch","/api/v1/tenant/{prismaId}/integration/{id}","Update Integration State","update-integration-state-v1","Integrations","IntegrationsMicroService.json"
"put","/api/v1/tenant/{prismaId}/integration/{id}","Update Integration","update-integration-v1","Integrations","IntegrationsMicroService.json"
"delete","/api/v1/tenant/{prismaId}/integration/{id}","Delete Integration","delete-integration-v1","Integrations","IntegrationsMicroService.json"
"post","/api/v1/tenant/{prismaId}/integration/test","Test Integration","test-integration-v1","Integrations","IntegrationsMicroService.json"
"get","/api/v1/tenant/{prismaId}/integration/securityhub/regions/{accountId}","Get Security Hub Enabled Regions by AWS Account ID","get-security-hub-region-by-account-id-v1","Integrations","IntegrationsMicroService.json"
"get","/api/v1/tenant/{prismaId}/integration/securityhub/accounts","Get Security Hub Enabled AWS Accounts","get-security-hub-accounts-v1","Integrations","IntegrationsMicroService.json"
"get","/integration/name","List Metadata for All Integrations","get-all-integrations-metadata","Integrations Pull","Monolith"
"get","/integration","List All Integrations","get-all-integrations","Integrations Pull","Monolith"
"post","/integration","Add Integration","save-integration","Integrations Pull","Monolith"
"post","/integration/test","Test Integration","test-integration","Integrations Pull","Monolith"
"get","/integration/{id}","Get Integration By ID","get-integration-by-id","Integrations Pull","Monolith"
"put","/integration/{id}","Update Integration","update-integration","Integrations Pull","Monolith"
"delete","/integration/{id}","Delete Integration","delete-integration","Integrations Pull","Monolith"
"post","/license/api/v2/usage","Usage Count By Cloud Type V2","license-usage-count-by-cloud-paginated-v2","Licensing","LicensingMicroService.json"
"post","/license/api/v2/time_series","Resource Usage Over Time V2","license-usage-graph-v2","Licensing","LicensingMicroService.json"
"post","/license/api/v1/usage","Usage Count By Cloud Type V1","license-usage-count-by-cloud-paginated_1","Licensing","LicensingMicroService.json"
"post","/license/api/v1/usage/time_series","Resource Usage Over Time V1","license-usage-graph","Licensing","LicensingMicroService.json"
"post","/license/api/v1/credit-allocation-rules","Credit allocation rules and usage","getCreditAllocationRules","Licensing","LicensingMicroService.json"
"post","/license/api/v1/credit-allocation-rule","Create credit allocation rule","createCreditAllocationRule","Licensing","LicensingMicroService.json"
"post","/license/api/v1/credit-allocation-rule-summary","Credit allocation rule summary","getCreditAllocationRuleSummary","Licensing","LicensingMicroService.json"
"get","/license/api/v1/credit-allocation-rule/{ruleId}","Credit allocation rule","getCreditAllocationRule","Licensing","LicensingMicroService.json"
"delete","/license/api/v1/credit-allocation-rule/{ruleId}","Delete credit allocation rule","deleteCreditAllocationRule","Licensing","LicensingMicroService.json"
"patch","/license/api/v1/credit-allocation-rule/{ruleId}","Update credit allocation rule","updateCreditAllocationRule","Licensing","LicensingMicroService.json"
"get","/license/api/v1/credit-allocation-rule-names","Credit allocation rule","getCreditAllocationRuleNames","Licensing","LicensingMicroService.json"
"post","/login","Login","app-login","Login","Monolith"
"get","/auth_token/extend","Refresh Session","extend-session","Login","Monolith"
"get","/api/v1/tenant/{prismaId}/template","List Templates","get-all-templates-v1","Notification Templates","NotificationTemplatesMicroService.json"
"post","/api/v1/tenant/{prismaId}/template","Add Template","create-template-v1","Notification Templates","NotificationTemplatesMicroService.json"
"get","/api/v1/tenant/{prismaId}/template/{id}","Get Template by ID","get-template-v1","Notification Templates","NotificationTemplatesMicroService.json"
"patch","/api/v1/tenant/{prismaId}/template/{id}","Update Template","update-template-v1","Notification Templates","NotificationTemplatesMicroService.json"
"delete","/api/v1/tenant/{prismaId}/template/{id}","Delete Template","delete-template-v1","Notification Templates","NotificationTemplatesMicroService.json"
"post","/api/v1/tenant/{prismaId}/template/test","Test Template","test-template-v1","Notification Templates","NotificationTemplatesMicroService.json"
"get","/cloud-accounts-manager/v1/cloud-accounts/aws/{accountId}/features/aws-flow-logs/s3","Fetch AWS S3 Flow Log details","get-aws-s3-flowlog","Cloud Ingested Logs","Monolith"
"patch","/cloud-accounts-manager/v1/cloud-accounts/aws/{accountId}/features/aws-flow-logs/s3","Save AWS S3 Flow Log details","save-aws-s3-flowlog","Cloud Ingested Logs","Monolith"
"post","/cloud-accounts-manager/v1/cloud-accounts/aws/{accountId}/features/aws-flow-logs/s3/status","Check AWS S3 Flow Log status","check-aws-s3-flowlog","Cloud Ingested Logs","Monolith"
"get","/authz/v1/permission_group/{id}","Get Permission Group by ID","get_1","Permission Groups","PermissionGroupsMicroService.json"
"put","/authz/v1/permission_group/{id}","Update the Permission Group","update","Permission Groups","PermissionGroupsMicroService.json"
"delete","/authz/v1/permission_group/{id}","Delete a Permission Group by ID","deletePermissionGroup","Permission Groups","PermissionGroupsMicroService.json"
"get","/authn/v1/saml/config","Get SAML Configuration","get-saml-config","SSO","PermissionGroupsMicroService.json"
"put","/authn/v1/saml/config","Update SAML Configuration","update-saml-config","SSO","PermissionGroupsMicroService.json"
"post","/authn/v1/saml/config","Create SAML Configuration","create-saml-config","SSO","PermissionGroupsMicroService.json"
"get","/authn/api/v1/oauth2/config","Get OIDC Configuration","get-oauth2-config","SSO","PermissionGroupsMicroService.json"
"put","/authn/api/v1/oauth2/config","Update OIDC Configuration","update-oauth2-config","SSO","PermissionGroupsMicroService.json"
"post","/authn/api/v1/oauth2/config","Create an OIDC Configuration","create-oauth2-config","SSO","PermissionGroupsMicroService.json"
"patch","/authn/api/v1/oauth2/config","Update OIDC Configuration Partially","patch-oauth2-config","SSO","PermissionGroupsMicroService.json"
"get","/authz/v1/permission_group","Get All Permission Groups","getAll","Permission Groups","PermissionGroupsMicroService.json"
"post","/authz/v1/permission_group","Add a Permission Group","save","Permission Groups","PermissionGroupsMicroService.json"
"get","/authz/v1/feature","Get All Active Features","getFeatures","Permission Groups","PermissionGroupsMicroService.json"
"get","/authn/api/v1/oauth2/login","Get OIDC Login URL","get-oidc-login-url","SSO","PermissionGroupsMicroService.json"
"get","/filter/policy/suggest","List Policy Filters","get-policy-filters-and-options","Policy","Monolith"
"post","/filter/policy/suggest","List Policy Filter Autocomplete Suggestions","get-policy-filter-options","Policy","Monolith"
"get","/policy","List Policies","get-policies","Policy","Monolith"
"post","/policy","Add Policy","add-policy","Policy","Monolith"
"get","/v2/policy","List Policies V2","get-policies-v2","Policy","Monolith"
"get","/policy/{id}","Policy Info","get-policy","Policy","Monolith"
"put","/policy/{id}","Update Policy","update-policy","Policy","Monolith"
"delete","/policy/{id}","Delete Policy","delete-policy","Policy","Monolith"
"patch","/policy/{id}/status/{enabled}","Update Policy Status","update-policy-status","Policy","Monolith"
"get","/policy/compliance","List Policy Compliance Standards","get-compliance-standards","Policy","Monolith"
"post","/policy/rule/validate","Pre-validate Policy Rule","policy-rule-validate","Policy","Monolith"
"get","/report","List Report Configs","list-reports","Reports","Monolith"
"post","/report","Add Report Config","save-report","Reports","Monolith"
"post","/v2/report","Add Report Config V2","save-report-v2","Reports","Monolith"
"get","/report/type","Get Report Types","get-report-types","Reports","Monolith"
"get","/report/{id}","Get Report Config","get-specified-report","Reports","Monolith"
"put","/report/{id}","Update Report Config","update-report","Reports","Monolith"
"delete","/report/{id}","Delete Report Config","delete-report","Reports","Monolith"
"get","/report/{id}/download","Download Report","download-report","Reports","Monolith"
"get","/report/{id}/history","List Historical Reports Data","get-historical-report-by-id","Reports","Monolith"
"get","/report/{id}/{lastScheduled}","Get Historical Report Data","get-last-scheduled-report-by-id","Reports","Monolith"
"get","/report/{id}/{lastScheduled}/download","Download Historical Report","download-historical-by-id","Reports","Monolith"
"get","/filter/report/suggest","Get Report Overview Filters and Options","get-report-filters-and-options","Reports","Monolith"
"post","/filter/report/suggest","List Report Overview Filter Autocomplete Suggestions","get-report-posture-filter-options","Reports","Monolith"
"post","/resource","Get Resource","get-resource","Resource Explorer","Monolith"
"post","/resource/alert","Get Alerts for Resource","get-alerts-for-resource","Resource Explorer","Monolith"
"post","/resource/network","Get Resource Network Settings","get-network-for-resource","Resource Explorer","Monolith"
"get","/resource/external_finding","List Host Findings For Alert","get-host-findings-for-alert","Resource Explorer","Monolith"
"post","/resource/external_finding","List Host Findings","get-host-findings","Resource Explorer","Monolith"
"post","/resource/timeline","Get Resource Timeline","get-timeline-for-resource","Resource Explorer","Monolith"
"post","/resource/raw","Get Resource (Raw)","get-resource-raw","Resource Explorer","Monolith"
"post","/resource/external_integration","Get External Ingest Integrations for the resource","get-external-integrations-for-resource","Resource Explorer","Monolith"
"get","/v1/resource_list","Get Resource Lists","get-all-resource-list-for-customer","Resource Lists","Monolith"
"post","/v1/resource_list","Add Resource List","add-resource-list","Resource Lists","Monolith"
"get","/v1/resource_list/types","Get Resource List Types","get-resource-list-types","Resource Lists","Monolith"
"get","/v1/resource_list/{id}","Get Resource List by ID","get-resource-list-by-id","Resource Lists","Monolith"
"put","/v1/resource_list/{id}","Update Resource List","update-resource-list","Resource Lists","Monolith"
"delete","/v1/resource_list/{id}","Delete Resource List","delete-resource-list-by-id","Resource Lists","Monolith"
"get","/search/history","View Search History","search-history","Search Manager","Monolith"
"get","/search/history/{id}","Get Search Query by ID","search-history-by-id","Search Manager","Monolith"
"post","/search/history/{id}","Manage a Search Query","search-history-manage","Search Manager","Monolith"
"delete","/search/history/{id}","Delete Saved Search Query","search-history-delete","Search Manager","Monolith"
"post","/search","Perform Network Search","search-network","Search","SearchMicroService.json"
"get","/search/alert","Search Alerts by ID","search-for-alert-by-id","Search","SearchMicroService.json"
"post","/search/api/v1/config","Perform Config Search by Query","search-config-by-query","Search","SearchMicroService.json"
"post","/search/api/v1/config/async","Perform Asynchronous Config Search","search-config-async-csv-download","Search","SearchMicroService.json"
"post","/search/api/v1/config/download","Download Config Search as CSV","search-config-csv-download","Search","SearchMicroService.json"
"post","/search/api/v2/config","Perform Config Search V2","search-config-v2","Search","SearchMicroService.json"
"post","/search/api/v2/config/{id}","Perform Config Search by Search Id V2","search-config-by-search-id-v2","Search","SearchMicroService.json"
"post","/search/api/v1/config/{id}","Perform Config Search by Search Id","search-config-by-search-id","Search","SearchMicroService.json"
"post","/search/config","Perform Config Search","search-config","Search","SearchMicroService.json"
"post","/search/config/jobs","Submit Search Config CSV Generation Job","submit-an-search-config-csv-download-job","Search","SearchMicroService.json"
"get","/search/config/jobs/{id}/download","Download Async Config Search CSV","async-search-config-csv","Search","SearchMicroService.json"
"post","/search/config/page","Get The Next Config Search Page","search-config-page","Search","SearchMicroService.json"
"post","/search/event","Perform Event Search","search-events","Search","SearchMicroService.json"
"post","/search/event/aggregate","Aggregated Event Search","search-events-aggregated","Search","SearchMicroService.json"
"post","/search/event/filtered","Filter Event Search Results","search-events-filtered","Search","SearchMicroService.json"
"post","/search/event/filtered/download","Download Event Search CSV","search-events-csv","Search","SearchMicroService.json"
"post","/search/event/page","Get The Next Event Search Page","search-events-page","Search","SearchMicroService.json"
"get","/search/event/raw/{id}","Get Raw Event Data","search-events-raw","Search","SearchMicroService.json"
"post","/search/suggest","Autocomplete Search","search-suggest","Search","SearchMicroService.json"
"get","/settings/enterprise","Enterprise Settings - GET","get-enterprise-settings","Settings","Monolith"
"post","/settings/enterprise","Enterprise Settings - POST","update-enterprise-settings","Settings","Monolith"
"get","/check","Health Check","health-check","System","Monolith"
"post","/trace/api/v1/asset","Get C2C Trace Asset Graph","c2c-trace-api","Vulnerabilities Dashboard","UVEDashboardMicroService.json"
"get","/uve/api/v1/cve-overview","Get Cve Overview V2","cve-overview-v-2","Vulnerabilities Dashboard","UVEDashboardMicroService.json"
"get","/uve/api/v1/dashboard/vulnerabilities/cve-overview","Get Cve Overview","cve-overview","Vulnerabilities Dashboard","UVEDashboardMicroService.json"
"get","/uve/api/v1/dashboard/vulnerabilities/impact-stage","Get Vulnerability Impact by Stage","vulnerability-impact-by-stage","Vulnerabilities Dashboard","UVEDashboardMicroService.json"
"get","/uve/api/v1/dashboard/vulnerabilities/overview","Get Vulnerability Overview","vulnerability-dashboard-overview","Vulnerabilities Dashboard","UVEDashboardMicroService.json"
"get","/uve/api/v1/dashboard/vulnerabilities/prioritised","Get Prioritized Vulnerabilities V1","prioritised-vulnerability","Vulnerabilities Dashboard","UVEDashboardMicroService.json"
"get","/uve/api/v1/dashboard/vulnerabilities/prioritised-vuln","Get Top Impacting Vulnerabilities","top-prioritised-vulnerability","Vulnerabilities Dashboard","UVEDashboardMicroService.json"
"post","/uve/api/v1/dashboard/vulnerabilities/vuln-assets","Get Vulnerable Assets by CVE","list-vulnerable-assets-cve","Vulnerabilities Dashboard","UVEDashboardMicroService.json"
"get","/uve/api/v1/dashboard/vulnerabilities/vulnerableAsset","Get Vulnerable Assets","vulnerable-assets","Vulnerabilities Dashboard","UVEDashboardMicroService.json"
"post","/uve/api/v1/vuln-assets","Get Vulnerable Assets by CVE V2","list-vulnerable-assets-cve-v-2","Vulnerabilities Dashboard","UVEDashboardMicroService.json"
"post","/uve/api/v2/cve-overview","Get CVE Overview - POST","cve-overview-v-3","Vulnerabilities Dashboard","UVEDashboardMicroService.json"
"get","/uve/api/v2/dashboard/vulnerabilities/burndown","Get Vulnerabilities Burndown","get-burndown","Vulnerabilities Dashboard","UVEDashboardMicroService.json"
"post","/uve/api/v2/dashboard/vulnerabilities/impact-stage","Get Vulnerability Impact by Stage - POST","vulnerability-impact-by-stage-v-2","Vulnerabilities Dashboard","UVEDashboardMicroService.json"
"get","/uve/api/v2/dashboard/vulnerabilities/overview","Get Vulnerability Overview V2","vulnerability-dashboard-overview-v-2","Vulnerabilities Dashboard","UVEDashboardMicroService.json"
"get","/uve/api/v2/dashboard/vulnerabilities/prioritised","Get Prioritized Vulnerabilities V2","prioritised-vulnerability-v-2","Vulnerabilities Dashboard","UVEDashboardMicroService.json"
"get","/uve/api/v2/dashboard/vulnerabilities/prioritised-vuln","Get Top Impacting Vulnerabilities V2","top-prioritised-vulnerability-v-2","Vulnerabilities Dashboard","UVEDashboardMicroService.json"
"post","/uve/api/v2/dashboard/vulnerabilities/vulnerableAsset","Get Vulnerable Assets Stats - POST","vulnerable-assets-v-2","Vulnerabilities Dashboard","UVEDashboardMicroService.json"
"get","/uve/api/v3/dashboard/vulnerabilities/overview","Get Vulnerability Overview V3","vulnerability-dashboard-overview-v-3","Vulnerabilities Dashboard","UVEDashboardMicroService.json"
"get","/uve/api/v3/dashboard/vulnerabilities/prioritised","Get Prioritized Vulnerabilities V3","prioritised-vulnerability-v-3","Vulnerabilities Dashboard","UVEDashboardMicroService.json"
"post","/uve/api/v3/dashboard/vulnerabilities/prioritised-vuln","Get Top Impacting Vulnerabilities - POST","top-prioritised-vulnerability-v-3","Vulnerabilities Dashboard","UVEDashboardMicroService.json"
"post","/uve/api/v4/dashboard/vulnerabilities/overview","Get Vulnerability Overview - POST","vulnerability-dashboard-overview-v-4","Vulnerabilities Dashboard","UVEDashboardMicroService.json"
"get","/uve/api/v4/dashboard/vulnerabilities/prioritised","Get Prioritized Vulnerabilities V4","prioritised-vulnerability-v-4","Vulnerabilities Dashboard","UVEDashboardMicroService.json"
"post","/uve/api/v5/dashboard/vulnerabilities/prioritised","Get Prioritized Vulnerabilities - POST","prioritised-vulnerability-v-5","Vulnerabilities Dashboard","UVEDashboardMicroService.json"
"post","/uve/api/v1/remediation/vuln-remediation-status","Get Remediation Status","fetch-Remediation-Status","Vulnerabilities Dashboard","Monolith"
"post","/uve/api/v1/remediation/vuln-create-remediation","Create Remediation Request","create-Remediation-Request","Vulnerabilities Dashboard","Monolith"
"post","/uve/api/v1/vulnerabilities/search/download","Download All Vulnerabilities by RQL","download-vulnerability-csv-file-in-investigate-table-view","Vulnerabilities Dashboard","UVESearchMicroService.json"
"post","/uve/api/v1/vulnerabilities/download","Get CVE Details by ID","download-vulnerability-file","Vulnerabilities Dashboard","UVESearchMicroService.json"
"post","/uve/api/v2/vulnerabilities/download","Get CVE Details by ID V2","download-vulnerability-file-v2","Vulnerabilities Dashboard","UVESearchMicroService.json"
"post","/uve/api/v3/vulnerabilities/download","Get CVE Details by ID V3","download-vulnerability-file-v3","Vulnerabilities Dashboard","UVESearchMicroService.json"
"post","/uve/api/v1/vulnerabilities/search/asset","Get Vulnerable Assets by RQL","list-vulnerable-assets","Vulnerabilities Dashboard","UVESearchMicroService.json"
"post","/uve/api/v1/vulnerabilities/search","Get Vulnerabilities by RQL","vulnerabilities-search-api","Vulnerabilities Dashboard","UVESearchMicroService.json"
"get","/user/me","Profile","get-my-profile","User Profile","Monolith"
"put","/user/me","Update Profile","update-my-profile","User Profile","Monolith"
"get","/v3/user","List Users V3","get-user-profiles-v3","User Profile","Monolith"
"post","/v3/user","Add User Profile V3","add-user-v3","User Profile","Monolith"
"get","/v2/user","List Users V2","get-user-profiles-v2","User Profile","Monolith"
"post","/v2/user","Add User Profile V2","add-user-v2","User Profile","Monolith"
"get","/v2/user/{id}","Get User Profile V2","get-user-profile-v2","User Profile","Monolith"
"put","/v2/user/{id}","Update User Profile V2","update-profile-v2","User Profile","Monolith"
"delete","/user/{id}","Delete User Profile","delete-user","User Profile","Monolith"
"patch","/user/{id}/status/{enabled}","Update User Status","update-user-profile","User Profile","Monolith"
"get","/user/name","List User Emails","get-usernames","User Profile","Monolith"
"get","/user/domain","List Email Domains","email-domains","User Profile","Monolith"
"get","/user/saml/bypass","List SSO Bypass Allowed Users","get-sso-bypass-allowed-users","User Profile","Monolith"
"put","/user/saml/bypass","Update SSO Bypass Allowed Users","update-sso-bypass-allowed-users","User Profile","Monolith"
"get","/user/role","List User Roles","get-user-roles","User Roles","Monolith"
"post","/user/role","Add User Role","add-user-role","User Roles","Monolith"
"get","/user/role/name","List User Role Names","get-user-role-name","User Roles","Monolith"
"get","/user/role/type","List User Role Types","get-user-role-types","User Roles","Monolith"
"get","/user/role/{id}","User Role Info","get-user-role","User Roles","Monolith"
"put","/user/role/{id}","Update User Role","update-user-role","User Roles","Monolith"
"delete","/user/role/{id}","Delete User Role","delete-user-role","User Roles","Monolith"
"post","/adoptionadvisor/api/v2/compute/vulnerabilities/trend","Get Vulnerabilities Trend","value-widgets-get-vulnerabilities-trend","Widgets","Monolith"
"post","/adoptionadvisor/api/v2/cspm/riskyasset/trend","Get Assets with Alerts","value-widgets-get-assets-with-alerts","Widgets","Monolith"
"post","/adoptionadvisor/api/v2/compute/discovered-secured/trend","Get Discovered and Secured Resources","value-widgets-get-discovered-vs-secured","Widgets","Monolith"
"get","/c2c/api/v1/deploy/trend","List Deploy Trend","code-to-cloud-list-deploy-trend","Code to Cloud","code2cloudMicroService.json"
"get","/c2c/api/v1/runtime/trend","List Runtime Trend","code-to-cloud-list-runtime-trend","Code to Cloud","code2cloudMicroService.json"
"get","/policy/api/v1/fetch/remediation/{policyId}","Get Policy Remediation","getRemediationForPolicy","Alerts","Monolith"
"get","/appid/api/v1/satellite","List Cluster Details","listClusters","Settings","Monolith"
"post","/appid/api/v1/satellite","Add Satellite Details","addClusterInfo","Settings","Monolith"
"delete","/appid/api/v1/satellite/{id}","Delete Satellite Details","deleteCluster","Settings","Monolith"
